CREATE DATABASE  IF NOT EXISTS `wikiprog` /*!40100 DEFAULT CHARACTER SET utf8mb4 COLLATE utf8mb4_0900_ai_ci */ /*!80016 DEFAULT ENCRYPTION='N' */;
USE `wikiprog`;
-- MySQL dump 10.13  Distrib 8.0.32, for Win64 (x86_64)
--
-- Host: localhost    Database: wikiprog
-- ------------------------------------------------------
-- Server version	8.0.32

/*!40101 SET @OLD_CHARACTER_SET_CLIENT=@@CHARACTER_SET_CLIENT */;
/*!40101 SET @OLD_CHARACTER_SET_RESULTS=@@CHARACTER_SET_RESULTS */;
/*!40101 SET @OLD_COLLATION_CONNECTION=@@COLLATION_CONNECTION */;
/*!50503 SET NAMES utf8 */;
/*!40103 SET @OLD_TIME_ZONE=@@TIME_ZONE */;
/*!40103 SET TIME_ZONE='+00:00' */;
/*!40014 SET @OLD_UNIQUE_CHECKS=@@UNIQUE_CHECKS, UNIQUE_CHECKS=0 */;
/*!40014 SET @OLD_FOREIGN_KEY_CHECKS=@@FOREIGN_KEY_CHECKS, FOREIGN_KEY_CHECKS=0 */;
/*!40101 SET @OLD_SQL_MODE=@@SQL_MODE, SQL_MODE='NO_AUTO_VALUE_ON_ZERO' */;
/*!40111 SET @OLD_SQL_NOTES=@@SQL_NOTES, SQL_NOTES=0 */;

--
-- Table structure for table `archivo`
--

DROP TABLE IF EXISTS `archivo`;
/*!40101 SET @saved_cs_client     = @@character_set_client */;
/*!50503 SET character_set_client = utf8mb4 */;
CREATE TABLE `archivo` (
  `archivo_id` int NOT NULL AUTO_INCREMENT,
  `usuario_id` varchar(45) NOT NULL,
  `nombre` varchar(45) DEFAULT NULL,
  `fecha` date DEFAULT NULL,
  `tamaño` varchar(45) DEFAULT NULL,
  `privacidad_id` varchar(45) NOT NULL,
  PRIMARY KEY (`archivo_id`),
  KEY `usuario_id_idx` (`usuario_id`)
) ENGINE=InnoDB DEFAULT CHARSET=utf8mb4 COLLATE=utf8mb4_0900_ai_ci;
/*!40101 SET character_set_client = @saved_cs_client */;

--
-- Dumping data for table `archivo`
--

LOCK TABLES `archivo` WRITE;
/*!40000 ALTER TABLE `archivo` DISABLE KEYS */;
INSERT INTO `archivo` VALUES (1,'2','index.html','2023-09-21','120mb','1'),(2,'3','index.html','2023-09-21','200mb','2'),(3,'1','index.html','2023-09-21','1gb','1');
/*!40000 ALTER TABLE `archivo` ENABLE KEYS */;
UNLOCK TABLES;

--
-- Table structure for table `categoria`
--

DROP TABLE IF EXISTS `categoria`;
/*!40101 SET @saved_cs_client     = @@character_set_client */;
/*!50503 SET character_set_client = utf8mb4 */;
CREATE TABLE `categoria` (
  `categoria_id` int NOT NULL,
  `descripcion` varchar(45) NOT NULL,
  PRIMARY KEY (`categoria_id`)
) ENGINE=InnoDB DEFAULT CHARSET=utf8mb4 COLLATE=utf8mb4_0900_ai_ci;
/*!40101 SET character_set_client = @saved_cs_client */;

--
-- Dumping data for table `categoria`
--

LOCK TABLES `categoria` WRITE;
/*!40000 ALTER TABLE `categoria` DISABLE KEYS */;
INSERT INTO `categoria` VALUES (1,'Junior'),(2,'Medium'),(3,'Senior');
/*!40000 ALTER TABLE `categoria` ENABLE KEYS */;
UNLOCK TABLES;

--
-- Table structure for table `comentario`
--

DROP TABLE IF EXISTS `comentario`;
/*!40101 SET @saved_cs_client     = @@character_set_client */;
/*!50503 SET character_set_client = utf8mb4 */;
CREATE TABLE `comentario` (
  `comentario_id` int NOT NULL AUTO_INCREMENT,
  `usuario_id` int NOT NULL,
  `comentario` text NOT NULL,
  `fecha` varchar(12) NOT NULL,
  `leccion_id` int NOT NULL,
  PRIMARY KEY (`comentario_id`)
) ENGINE=InnoDB AUTO_INCREMENT=3 DEFAULT CHARSET=utf8mb4 COLLATE=utf8mb4_0900_ai_ci;
/*!40101 SET character_set_client = @saved_cs_client */;

--
-- Dumping data for table `comentario`
--

LOCK TABLES `comentario` WRITE;
/*!40000 ALTER TABLE `comentario` DISABLE KEYS */;
/*!40000 ALTER TABLE `comentario` ENABLE KEYS */;
UNLOCK TABLES;

--
-- Table structure for table `comentarios`
--

DROP TABLE IF EXISTS `comentarios`;
/*!40101 SET @saved_cs_client     = @@character_set_client */;
/*!50503 SET character_set_client = utf8mb4 */;
CREATE TABLE `comentarios` (
  `id` int NOT NULL AUTO_INCREMENT,
  `usuario_id` varchar(255) NOT NULL,
  `comentarios` text NOT NULL,
  `fecha` timestamp NULL DEFAULT CURRENT_TIMESTAMP,
  PRIMARY KEY (`id`)
) ENGINE=InnoDB DEFAULT CHARSET=utf8mb4 COLLATE=utf8mb4_0900_ai_ci;
/*!40101 SET character_set_client = @saved_cs_client */;

--
-- Dumping data for table `comentarios`
--

LOCK TABLES `comentarios` WRITE;
/*!40000 ALTER TABLE `comentarios` DISABLE KEYS */;
/*!40000 ALTER TABLE `comentarios` ENABLE KEYS */;
UNLOCK TABLES;

--
-- Table structure for table `curso`
--

DROP TABLE IF EXISTS `curso`;
/*!40101 SET @saved_cs_client     = @@character_set_client */;
/*!50503 SET character_set_client = utf8mb4 */;
CREATE TABLE `curso` (
  `curso_id` int NOT NULL,
  `titulo_curso` varchar(30) DEFAULT NULL,
  `descripcion` varchar(45) DEFAULT NULL,
  `categoria_id` varchar(45) NOT NULL,
  PRIMARY KEY (`curso_id`),
  KEY `categoria_id_idx` (`categoria_id`)
) ENGINE=InnoDB DEFAULT CHARSET=utf8mb4 COLLATE=utf8mb4_0900_ai_ci;
/*!40101 SET character_set_client = @saved_cs_client */;

--
-- Dumping data for table `curso`
--

LOCK TABLES `curso` WRITE;
/*!40000 ALTER TABLE `curso` DISABLE KEYS */;
INSERT INTO `curso` VALUES (1,'html','curso','3'),(2,'css','curso','2'),(3,'php','curso','1');
/*!40000 ALTER TABLE `curso` ENABLE KEYS */;
UNLOCK TABLES;

--
-- Table structure for table `inscripcion`
--

DROP TABLE IF EXISTS `inscripcion`;
/*!40101 SET @saved_cs_client     = @@character_set_client */;
/*!50503 SET character_set_client = utf8mb4 */;
CREATE TABLE `inscripcion` (
  `inscripcion_id` int NOT NULL,
  `curso_id` varchar(45) NOT NULL,
  `usuario_id` varchar(45) NOT NULL,
  PRIMARY KEY (`inscripcion_id`)
) ENGINE=InnoDB DEFAULT CHARSET=utf8mb4 COLLATE=utf8mb4_0900_ai_ci;
/*!40101 SET character_set_client = @saved_cs_client */;

--
-- Dumping data for table `inscripcion`
--

LOCK TABLES `inscripcion` WRITE;
/*!40000 ALTER TABLE `inscripcion` DISABLE KEYS */;
INSERT INTO `inscripcion` VALUES (1,'3','2'),(2,'2','1'),(3,'1','1');
/*!40000 ALTER TABLE `inscripcion` ENABLE KEYS */;
UNLOCK TABLES;

--
-- Table structure for table `leccion`
--

DROP TABLE IF EXISTS `leccion`;
/*!40101 SET @saved_cs_client     = @@character_set_client */;
/*!50503 SET character_set_client = utf8mb4 */;
CREATE TABLE `leccion` (
  `leccion_id` int NOT NULL,
  `titulo` varchar(45) NOT NULL,
  `descripcion` varchar(45) NOT NULL,
  `curso_id` varchar(45) NOT NULL,
  PRIMARY KEY (`leccion_id`),
  KEY `curso_id_idx` (`curso_id`)
) ENGINE=InnoDB DEFAULT CHARSET=utf8mb4 COLLATE=utf8mb4_0900_ai_ci;
/*!40101 SET character_set_client = @saved_cs_client */;

--
-- Dumping data for table `leccion`
--

LOCK TABLES `leccion` WRITE;
/*!40000 ALTER TABLE `leccion` DISABLE KEYS */;
INSERT INTO `leccion` VALUES (1,'introduccion','inicio del curso','1'),(2,'ejercicio parcial','ejercicio','2'),(3,'ejercicio final','ejercicio','3');
/*!40000 ALTER TABLE `leccion` ENABLE KEYS */;
UNLOCK TABLES;

--
-- Table structure for table `privacidad`
--

DROP TABLE IF EXISTS `privacidad`;
/*!40101 SET @saved_cs_client     = @@character_set_client */;
/*!50503 SET character_set_client = utf8mb4 */;
CREATE TABLE `privacidad` (
  `privacidad_id` int NOT NULL,
  `tipo` varchar(45) NOT NULL,
  PRIMARY KEY (`privacidad_id`)
) ENGINE=InnoDB DEFAULT CHARSET=utf8mb4 COLLATE=utf8mb4_0900_ai_ci;
/*!40101 SET character_set_client = @saved_cs_client */;

--
-- Dumping data for table `privacidad`
--

LOCK TABLES `privacidad` WRITE;
/*!40000 ALTER TABLE `privacidad` DISABLE KEYS */;
INSERT INTO `privacidad` VALUES (1,'publico'),(2,'privado');
/*!40000 ALTER TABLE `privacidad` ENABLE KEYS */;
UNLOCK TABLES;

--
-- Table structure for table `rango`
--

DROP TABLE IF EXISTS `rango`;
/*!40101 SET @saved_cs_client     = @@character_set_client */;
/*!50503 SET character_set_client = utf8mb4 */;
CREATE TABLE `rango` (
  `rango_id` int NOT NULL,
  `descripcion` varchar(45) NOT NULL,
  PRIMARY KEY (`rango_id`)
) ENGINE=InnoDB DEFAULT CHARSET=utf8mb4 COLLATE=utf8mb4_0900_ai_ci;
/*!40101 SET character_set_client = @saved_cs_client */;

--
-- Dumping data for table `rango`
--

LOCK TABLES `rango` WRITE;
/*!40000 ALTER TABLE `rango` DISABLE KEYS */;
INSERT INTO `rango` VALUES (1,'Administrador'),(2,'Usuario');
/*!40000 ALTER TABLE `rango` ENABLE KEYS */;
UNLOCK TABLES;

--
-- Table structure for table `registrar`
--

DROP TABLE IF EXISTS `registrar`;
/*!40101 SET @saved_cs_client     = @@character_set_client */;
/*!50503 SET character_set_client = utf8mb4 */;
CREATE TABLE `registrar` (
  `registrar_id` int NOT NULL AUTO_INCREMENT,
  `usuario` varchar(50) NOT NULL,
  `correo` varchar(100) NOT NULL,
  `contraseña` varchar(255) NOT NULL,
  `terminos_y_condiciones` tinyint(1) NOT NULL,
  PRIMARY KEY (`registrar_id`)
) ENGINE=InnoDB AUTO_INCREMENT=12 DEFAULT CHARSET=utf8mb4 COLLATE=utf8mb4_0900_ai_ci;
/*!40101 SET character_set_client = @saved_cs_client */;

--
-- Dumping data for table `registrar`
--

LOCK TABLES `registrar` WRITE;
/*!40000 ALTER TABLE `registrar` DISABLE KEYS */;
INSERT INTO `registrar` VALUES (1,'ronald','ronald@gmail.com','12345',1),(2,'donoso','donoso@gmail.com','12345',1);
/*!40000 ALTER TABLE `registrar` ENABLE KEYS */;
UNLOCK TABLES;

--
-- Table structure for table `usuario`
--

DROP TABLE IF EXISTS `usuario`;
/*!40101 SET @saved_cs_client     = @@character_set_client */;
/*!50503 SET character_set_client = utf8mb4 */;
CREATE TABLE `usuario` (
  `usuario_id` int NOT NULL AUTO_INCREMENT,
  `usuario` varchar(45) NOT NULL,
  `correo` varchar(50) NOT NULL,
  `biografia` varchar(45) NOT NULL,
  `contraseña` varchar(45) NOT NULL,
  `rango_id` int NOT NULL,
  PRIMARY KEY (`usuario_id`)
) ENGINE=InnoDB DEFAULT CHARSET=utf8mb4 COLLATE=utf8mb4_0900_ai_ci;
/*!40101 SET character_set_client = @saved_cs_client */;

--
-- Dumping data for table `usuario`
--

LOCK TABLES `usuario` WRITE;
/*!40000 ALTER TABLE `usuario` DISABLE KEYS */;
INSERT INTO `usuario` VALUES (1,'ronald','ronal@gmail.com','programador','1234',1),(2,'donoso','donoso@gmail.com','programador','5678',2);
/*!40000 ALTER TABLE `usuario` ENABLE KEYS */;
UNLOCK TABLES;
/*!40103 SET TIME_ZONE=@OLD_TIME_ZONE */;

/*!40101 SET SQL_MODE=@OLD_SQL_MODE */;
/*!40014 SET FOREIGN_KEY_CHECKS=@OLD_FOREIGN_KEY_CHECKS */;
/*!40014 SET UNIQUE_CHECKS=@OLD_UNIQUE_CHECKS */;
/*!40101 SET CHARACTER_SET_CLIENT=@OLD_CHARACTER_SET_CLIENT */;
/*!40101 SET CHARACTER_SET_RESULTS=@OLD_CHARACTER_SET_RESULTS */;
/*!40101 SET COLLATION_CONNECTION=@OLD_COLLATION_CONNECTION */;
/*!40111 SET SQL_NOTES=@OLD_SQL_NOTES */;

-- Dump completed on 2023-10-18  7:26:01
